"0","print(img)
"
"1","https://github.com/IQAndreas/sample-images/blob/gh-pages/100-100-color/11.jpg?raw=true"
"1","
"
"1","https://github.com/IQAndreas/sample-images/blob/gh-pages/100-100-color/12.jpg?raw=true"
"1","
"
"1","https://github.com/IQAndreas/sample-images/blob/gh-pages/100-100-color/13.jpg?raw=true"
"1","
"
"1","https://github.com/IQAndreas/sample-images/blob/gh-pages/100-100-color/14.jpg?raw=true"
"1","
"
"1","https://github.com/IQAndreas/sample-images/blob/gh-pages/100-100-color/15.jpg?raw=true"
"1","
"
"1","https://github.com/IQAndreas/sample-images/blob/gh-pages/100-100-color/16.jpg?raw=true"
"1","
"
"1","https://github.com/IQAndreas/sample-images/blob/gh-pages/100-100-color/17.jpg?raw=true"
"1","
"
"1","https://github.com/IQAndreas/sample-images/blob/gh-pages/100-100-color/18.jpg?raw=true"
"1","
"
"1","https://github.com/IQAndreas/sample-images/blob/gh-pages/100-100-color/19.jpg?raw=true"
"1","
"
"1","https://github.com/IQAndreas/sample-images/blob/gh-pages/100-100-color/20.jpg?raw=true"
"1","
"
